Instance;d;k;w_bound;Time;OurObj;intercept;slopes
../src/instance_set/generated_instances/toy_50_10_-1.dat;10;50;10;0;117.130737;0.083757;0.000000~0.000000~0.000000~0.000000~0.000000~0.000000~0.000000~0.000000~0.000000
../src/instance_set/generated_instances/toy_50_10_-1.dat;10;50;100;0;117.130737;0.083757;0.000000~0.000000~0.000000~0.000000~0.000000~0.000000~0.000000~0.000000~0.000000
../src/instance_set/generated_instances/toy_50_10_-1.dat;10;50;1000;0;117.130737;0.083757;0.000000~0.000000~0.000000~0.000000~0.000000~0.000000~0.000000~0.000000~0.000000
../src/instance_set/generated_instances/toy_50_20_-1.dat;20;50;10;0;85.448103;0.288908;0.000000~0.000000~0.000000~0.000000~0.000000~0.000000~0.000000~0.000000~0.000000~0.000000~0.000000~0.000000~0.000000~0.000000~0.000000~0.000000~0.000000~0.000000~0.000000
../src/instance_set/generated_instances/toy_50_20_-1.dat;20;50;100;0;85.448103;0.288908;0.000000~0.000000~0.000000~0.000000~0.000000~0.000000~0.000000~0.000000~0.000000~0.000000~0.000000~0.000000~0.000000~0.000000~0.000000~0.000000~0.000000~0.000000~0.000000
../src/instance_set/generated_instances/toy_50_20_-1.dat;20;50;1000;0;85.448103;0.288908;0.000000~0.000000~0.000000~0.000000~0.000000~0.000000~0.000000~0.000000~0.000000~0.000000~0.000000~0.000000~0.000000~0.000000~0.000000~0.000000~0.000000~0.000000~0.000000
../src/instance_set/generated_instances/toy_50_30_-1.dat;30;50;10;0;72.784965;-0.371495;0.000000~0.000000~0.000000~0.000000~0.000000~0.000000~0.000000~0.000000~0.000000~0.000000~0.000000~0.000000~0.000000~0.000000~0.000000~0.000000~0.000000~0.000000~0.000000~0.000000~0.000000~0.000000~0.000000~0.000000~0.000000~0.000000~0.000000~0.000000~0.000000
../src/instance_set/generated_instances/toy_50_30_-1.dat;30;50;100;0;72.784965;-0.371495;0.000000~0.000000~0.000000~0.000000~0.000000~0.000000~0.000000~0.000000~0.000000~0.000000~0.000000~0.000000~0.000000~0.000000~0.000000~0.000000~0.000000~0.000000~0.000000~0.000000~0.000000~0.000000~0.000000~0.000000~0.000000~0.000000~0.000000~0.000000~0.000000
../src/instance_set/generated_instances/toy_50_30_-1.dat;30;50;1000;0;72.784965;-0.371495;0.000000~0.000000~0.000000~0.000000~0.000000~0.000000~0.000000~0.000000~0.000000~0.000000~0.000000~0.000000~0.000000~0.000000~0.000000~0.000000~0.000000~0.000000~0.000000~0.000000~0.000000~0.000000~0.000000~0.000000~0.000000~0.000000~0.000000~0.000000~0.000000
../src/instance_set/generated_instances/toy_100_10_-1.dat;10;100;10;1;169.335185;-0.354773;0.000000~0.000000~0.000000~0.000000~0.000000~0.000000~0.000000~0.000000~0.000000
../src/instance_set/generated_instances/toy_100_10_-1.dat;10;100;100;1;169.335185;-0.354773;0.000000~0.000000~0.000000~0.000000~0.000000~0.000000~0.000000~0.000000~0.000000
../src/instance_set/generated_instances/toy_100_10_-1.dat;10;100;1000;1;169.335185;-0.354773;0.000000~0.000000~0.000000~0.000000~0.000000~0.000000~0.000000~0.000000~0.000000
../src/instance_set/generated_instances/toy_100_20_-1.dat;20;100;10;1;154.982883;0.766289;0.000000~0.000000~0.000000~0.000000~0.000000~0.000000~0.000000~0.000000~0.000000~0.000000~0.000000~0.000000~0.000000~0.000000~0.000000~0.000000~0.000000~0.000000~0.000000
../src/instance_set/generated_instances/toy_100_20_-1.dat;20;100;100;1;154.982883;0.766289;0.000000~0.000000~0.000000~0.000000~0.000000~0.000000~0.000000~0.000000~0.000000~0.000000~0.000000~0.000000~0.000000~0.000000~0.000000~0.000000~0.000000~0.000000~0.000000
../src/instance_set/generated_instances/toy_100_20_-1.dat;20;100;1000;1;154.982883;0.766289;0.000000~0.000000~0.000000~0.000000~0.000000~0.000000~0.000000~0.000000~0.000000~0.000000~0.000000~0.000000~0.000000~0.000000~0.000000~0.000000~0.000000~0.000000~0.000000
../src/instance_set/generated_instances/toy_100_30_-1.dat;30;100;10;0;171.672866;0.215522;0.000000~0.000000~0.000000~0.000000~0.000000~0.000000~0.000000~0.000000~0.000000~0.000000~0.000000~0.000000~0.000000~0.000000~0.000000~0.000000~0.000000~0.000000~0.000000~0.000000~0.000000~0.000000~0.000000~0.000000~0.000000~0.000000~0.000000~0.000000~0.000000
../src/instance_set/generated_instances/toy_100_30_-1.dat;30;100;100;0;171.672866;0.215522;0.000000~0.000000~0.000000~0.000000~0.000000~0.000000~0.000000~0.000000~0.000000~0.000000~0.000000~0.000000~0.000000~0.000000~0.000000~0.000000~0.000000~0.000000~0.000000~0.000000~0.000000~0.000000~0.000000~0.000000~0.000000~0.000000~0.000000~0.000000~0.000000
../src/instance_set/generated_instances/toy_100_30_-1.dat;30;100;1000;0;171.672866;0.215522;0.000000~0.000000~0.000000~0.000000~0.000000~0.000000~0.000000~0.000000~0.000000~0.000000~0.000000~0.000000~0.000000~0.000000~0.000000~0.000000~0.000000~0.000000~0.000000~0.000000~0.000000~0.000000~0.000000~0.000000~0.000000~0.000000~0.000000~0.000000~0.000000
../src/instance_set/generated_instances/toy_150_10_-1.dat;10;150;10;500;None;None;None~None~None~None~None~None~None~None~None
../src/instance_set/generated_instances/toy_150_10_-1.dat;10;150;100;500;None;None;None~None~None~None~None~None~None~None~None
../src/instance_set/generated_instances/toy_150_10_-1.dat;10;150;1000;500;None;None;None~None~None~None~None~None~None~None~None
../src/instance_set/generated_instances/toy_150_20_-1.dat;20;150;10;39;277.127195;0.312710;0.000000~0.000000~0.000000~0.000000~0.000000~0.000000~0.000000~0.000000~0.000000~0.000000~0.000000~0.000000~0.000000~0.000000~0.000000~0.000000~0.000000~0.000000~0.000000
../src/instance_set/generated_instances/toy_150_20_-1.dat;20;150;100;39;277.127195;0.312710;0.000000~0.000000~0.000000~0.000000~0.000000~0.000000~0.000000~0.000000~0.000000~0.000000~0.000000~0.000000~0.000000~0.000000~0.000000~0.000000~0.000000~0.000000~0.000000
../src/instance_set/generated_instances/toy_150_20_-1.dat;20;150;1000;39;277.127195;0.312710;0.000000~0.000000~0.000000~0.000000~0.000000~0.000000~0.000000~0.000000~0.000000~0.000000~0.000000~0.000000~0.000000~0.000000~0.000000~0.000000~0.000000~0.000000~0.000000
../src/instance_set/generated_instances/toy_150_30_-1.dat;30;150;10;44;242.349104;0.178181;0.000000~0.000000~0.000000~0.000000~0.000000~0.000000~0.000000~0.000000~0.000000~0.000000~0.000000~0.000000~0.000000~0.000000~0.000000~0.000000~0.000000~0.000000~0.000000~0.000000~0.000000~0.000000~0.000000~0.000000~0.000000~0.000000~0.000000~0.000000~0.000000
../src/instance_set/generated_instances/toy_150_30_-1.dat;30;150;100;44;242.349104;0.178181;0.000000~0.000000~0.000000~0.000000~0.000000~0.000000~0.000000~0.000000~0.000000~0.000000~0.000000~0.000000~0.000000~0.000000~0.000000~0.000000~0.000000~0.000000~0.000000~0.000000~0.000000~0.000000~0.000000~0.000000~0.000000~0.000000~0.000000~0.000000~0.000000
../src/instance_set/generated_instances/toy_150_30_-1.dat;30;150;1000;44;242.349104;0.178181;0.000000~0.000000~0.000000~0.000000~0.000000~0.000000~0.000000~0.000000~0.000000~0.000000~0.000000~0.000000~0.000000~0.000000~0.000000~0.000000~0.000000~0.000000~0.000000~0.000000~0.000000~0.000000~0.000000~0.000000~0.000000~0.000000~0.000000~0.000000~0.000000
../src/instance_set/generated_instances/toy_50_10_-2.dat;10;50;10;0;91.447297;-0.294883;0.000000~0.000000~0.000000~0.000000~0.000000~0.000000~0.000000~0.000000~0.000000
../src/instance_set/generated_instances/toy_50_10_-2.dat;10;50;100;0;91.447297;-0.294883;0.000000~0.000000~0.000000~0.000000~0.000000~0.000000~0.000000~0.000000~0.000000
../src/instance_set/generated_instances/toy_50_10_-2.dat;10;50;1000;0;91.447297;-0.294883;0.000000~0.000000~0.000000~0.000000~0.000000~0.000000~0.000000~0.000000~0.000000
../src/instance_set/generated_instances/toy_50_20_-2.dat;20;50;10;0;79.264651;-0.278884;0.000000~0.000000~0.000000~0.000000~0.000000~0.000000~0.000000~0.000000~0.000000~0.000000~0.000000~0.000000~0.000000~0.000000~0.000000~0.000000~0.000000~0.000000~0.000000
../src/instance_set/generated_instances/toy_50_20_-2.dat;20;50;100;0;79.264651;-0.278884;0.000000~0.000000~0.000000~0.000000~0.000000~0.000000~0.000000~0.000000~0.000000~0.000000~0.000000~0.000000~0.000000~0.000000~0.000000~0.000000~0.000000~0.000000~0.000000
../src/instance_set/generated_instances/toy_50_20_-2.dat;20;50;1000;0;79.264651;-0.278884;0.000000~0.000000~0.000000~0.000000~0.000000~0.000000~0.000000~0.000000~0.000000~0.000000~0.000000~0.000000~0.000000~0.000000~0.000000~0.000000~0.000000~0.000000~0.000000
../src/instance_set/generated_instances/toy_50_30_-2.dat;30;50;10;0;69.666524;0.891231;0.000000~0.000000~0.000000~0.000000~0.000000~0.000000~0.000000~0.000000~0.000000~0.000000~0.000000~0.000000~0.000000~0.000000~0.000000~0.000000~0.000000~0.000000~0.000000~0.000000~0.000000~0.000000~0.000000~0.000000~0.000000~0.000000~0.000000~0.000000~0.000000
../src/instance_set/generated_instances/toy_50_30_-2.dat;30;50;100;0;69.666524;0.891231;0.000000~0.000000~0.000000~0.000000~0.000000~0.000000~0.000000~0.000000~0.000000~0.000000~0.000000~0.000000~0.000000~0.000000~0.000000~0.000000~0.000000~0.000000~0.000000~0.000000~0.000000~0.000000~0.000000~0.000000~0.000000~0.000000~0.000000~0.000000~0.000000
../src/instance_set/generated_instances/toy_50_30_-2.dat;30;50;1000;0;69.666524;0.891231;0.000000~0.000000~0.000000~0.000000~0.000000~0.000000~0.000000~0.000000~0.000000~0.000000~0.000000~0.000000~0.000000~0.000000~0.000000~0.000000~0.000000~0.000000~0.000000~0.000000~0.000000~0.000000~0.000000~0.000000~0.000000~0.000000~0.000000~0.000000~0.000000
../src/instance_set/generated_instances/toy_100_10_-2.dat;10;100;10;1;147.100804;0.147718;0.000000~0.000000~0.000000~0.000000~0.000000~0.000000~0.000000~0.000000~0.000000
../src/instance_set/generated_instances/toy_100_10_-2.dat;10;100;100;1;147.100804;0.147718;0.000000~0.000000~0.000000~0.000000~0.000000~0.000000~0.000000~0.000000~0.000000
../src/instance_set/generated_instances/toy_100_10_-2.dat;10;100;1000;1;147.100804;0.147718;0.000000~0.000000~0.000000~0.000000~0.000000~0.000000~0.000000~0.000000~0.000000
../src/instance_set/generated_instances/toy_100_20_-2.dat;20;100;10;1;171.160134;-0.009450;0.000000~0.000000~0.000000~0.000000~0.000000~0.000000~0.000000~0.000000~0.000000~0.000000~0.000000~0.000000~0.000000~0.000000~0.000000~0.000000~0.000000~0.000000~0.000000
../src/instance_set/generated_instances/toy_100_20_-2.dat;20;100;100;2;171.160134;-0.009450;0.000000~0.000000~0.000000~0.000000~0.000000~0.000000~0.000000~0.000000~0.000000~0.000000~0.000000~0.000000~0.000000~0.000000~0.000000~0.000000~0.000000~0.000000~0.000000
../src/instance_set/generated_instances/toy_100_20_-2.dat;20;100;1000;1;171.160134;-0.009450;0.000000~0.000000~0.000000~0.000000~0.000000~0.000000~0.000000~0.000000~0.000000~0.000000~0.000000~0.000000~0.000000~0.000000~0.000000~0.000000~0.000000~0.000000~0.000000
../src/instance_set/generated_instances/toy_100_30_-2.dat;30;100;10;0;192.687382;-0.529923;0.000000~0.000000~0.000000~0.000000~0.000000~0.000000~0.000000~0.000000~0.000000~0.000000~0.000000~0.000000~0.000000~0.000000~0.000000~0.000000~0.000000~0.000000~0.000000~0.000000~0.000000~0.000000~0.000000~0.000000~0.000000~0.000000~0.000000~0.000000~0.000000
../src/instance_set/generated_instances/toy_100_30_-2.dat;30;100;100;0;192.687382;-0.529923;0.000000~0.000000~0.000000~0.000000~0.000000~0.000000~0.000000~0.000000~0.000000~0.000000~0.000000~0.000000~0.000000~0.000000~0.000000~0.000000~0.000000~0.000000~0.000000~0.000000~0.000000~0.000000~0.000000~0.000000~0.000000~0.000000~0.000000~0.000000~0.000000
../src/instance_set/generated_instances/toy_100_30_-2.dat;30;100;1000;1;192.687382;-0.529923;0.000000~0.000000~0.000000~0.000000~0.000000~0.000000~0.000000~0.000000~0.000000~0.000000~0.000000~0.000000~0.000000~0.000000~0.000000~0.000000~0.000000~0.000000~0.000000~0.000000~0.000000~0.000000~0.000000~0.000000~0.000000~0.000000~0.000000~0.000000~0.000000
../src/instance_set/generated_instances/toy_150_10_-2.dat;10;150;10;65;238.421427;0.158336;0.000000~0.000000~0.000000~0.000000~0.000000~0.000000~0.000000~0.000000~0.000000
../src/instance_set/generated_instances/toy_150_10_-2.dat;10;150;100;65;238.421427;0.158336;0.000000~0.000000~0.000000~0.000000~0.000000~0.000000~0.000000~0.000000~0.000000
../src/instance_set/generated_instances/toy_150_10_-2.dat;10;150;1000;66;238.421427;0.158336;0.000000~0.000000~0.000000~0.000000~0.000000~0.000000~0.000000~0.000000~0.000000
../src/instance_set/generated_instances/toy_150_20_-2.dat;20;150;10;28;291.016709;0.105062;0.000000~0.000000~0.000000~0.000000~0.000000~0.000000~0.000000~0.000000~0.000000~0.000000~0.000000~0.000000~0.000000~0.000000~0.000000~0.000000~0.000000~0.000000~0.000000
../src/instance_set/generated_instances/toy_150_20_-2.dat;20;150;100;28;291.016709;0.105062;0.000000~0.000000~0.000000~0.000000~0.000000~0.000000~0.000000~0.000000~0.000000~0.000000~0.000000~0.000000~0.000000~0.000000~0.000000~0.000000~0.000000~0.000000~0.000000
../src/instance_set/generated_instances/toy_150_20_-2.dat;20;150;1000;28;291.016709;0.105062;0.000000~0.000000~0.000000~0.000000~0.000000~0.000000~0.000000~0.000000~0.000000~0.000000~0.000000~0.000000~0.000000~0.000000~0.000000~0.000000~0.000000~0.000000~0.000000
../src/instance_set/generated_instances/toy_150_30_-2.dat;30;150;10;30;271.933995;-0.690698;0.000000~0.000000~0.000000~0.000000~0.000000~0.000000~0.000000~0.000000~0.000000~0.000000~0.000000~0.000000~0.000000~0.000000~0.000000~0.000000~0.000000~0.000000~0.000000~0.000000~0.000000~0.000000~0.000000~0.000000~0.000000~0.000000~0.000000~0.000000~0.000000
../src/instance_set/generated_instances/toy_150_30_-2.dat;30;150;100;30;271.933995;-0.690698;0.000000~0.000000~0.000000~0.000000~0.000000~0.000000~0.000000~0.000000~0.000000~0.000000~0.000000~0.000000~0.000000~0.000000~0.000000~0.000000~0.000000~0.000000~0.000000~0.000000~0.000000~0.000000~0.000000~0.000000~0.000000~0.000000~0.000000~0.000000~0.000000
../src/instance_set/generated_instances/toy_150_30_-2.dat;30;150;1000;32;271.933995;-0.690698;0.000000~0.000000~0.000000~0.000000~0.000000~0.000000~0.000000~0.000000~0.000000~0.000000~0.000000~0.000000~0.000000~0.000000~0.000000~0.000000~0.000000~0.000000~0.000000~0.000000~0.000000~0.000000~0.000000~0.000000~0.000000~0.000000~0.000000~0.000000~0.000000
../src/instance_set/generated_instances/toy_50_10_-3.dat;10;50;10;0;70.629511;-0.136975;0.000000~0.000000~0.000000~0.000000~0.000000~0.000000~0.000000~0.000000~0.000000
../src/instance_set/generated_instances/toy_50_10_-3.dat;10;50;100;0;70.629511;-0.136975;0.000000~0.000000~0.000000~0.000000~0.000000~0.000000~0.000000~0.000000~0.000000
../src/instance_set/generated_instances/toy_50_10_-3.dat;10;50;1000;0;70.629511;-0.136975;0.000000~0.000000~0.000000~0.000000~0.000000~0.000000~0.000000~0.000000~0.000000
../src/instance_set/generated_instances/toy_50_20_-3.dat;20;50;10;0;95.077592;0.118190;0.000000~0.000000~0.000000~0.000000~0.000000~0.000000~0.000000~0.000000~0.000000~0.000000~0.000000~0.000000~0.000000~0.000000~0.000000~0.000000~0.000000~0.000000~0.000000
../src/instance_set/generated_instances/toy_50_20_-3.dat;20;50;100;0;95.077592;0.118190;0.000000~0.000000~0.000000~0.000000~0.000000~0.000000~0.000000~0.000000~0.000000~0.000000~0.000000~0.000000~0.000000~0.000000~0.000000~0.000000~0.000000~0.000000~0.000000
../src/instance_set/generated_instances/toy_50_20_-3.dat;20;50;1000;0;95.077592;0.118190;0.000000~0.000000~0.000000~0.000000~0.000000~0.000000~0.000000~0.000000~0.000000~0.000000~0.000000~0.000000~0.000000~0.000000~0.000000~0.000000~0.000000~0.000000~0.000000
../src/instance_set/generated_instances/toy_50_30_-3.dat;30;50;10;0;74.961185;-0.020980;0.000000~0.000000~0.000000~0.000000~0.000000~0.000000~0.000000~0.000000~0.000000~0.000000~0.000000~0.000000~0.000000~0.000000~0.000000~0.000000~0.000000~0.000000~0.000000~0.000000~0.000000~0.000000~0.000000~0.000000~0.000000~0.000000~0.000000~0.000000~0.000000
../src/instance_set/generated_instances/toy_50_30_-3.dat;30;50;100;0;74.961185;-0.020980;0.000000~0.000000~0.000000~0.000000~0.000000~0.000000~0.000000~0.000000~0.000000~0.000000~0.000000~0.000000~0.000000~0.000000~0.000000~0.000000~0.000000~0.000000~0.000000~0.000000~0.000000~0.000000~0.000000~0.000000~0.000000~0.000000~0.000000~0.000000~0.000000
../src/instance_set/generated_instances/toy_50_30_-3.dat;30;50;1000;0;74.961185;-0.020980;0.000000~0.000000~0.000000~0.000000~0.000000~0.000000~0.000000~0.000000~0.000000~0.000000~0.000000~0.000000~0.000000~0.000000~0.000000~0.000000~0.000000~0.000000~0.000000~0.000000~0.000000~0.000000~0.000000~0.000000~0.000000~0.000000~0.000000~0.000000~0.000000
../src/instance_set/generated_instances/toy_100_10_-3.dat;10;100;10;2;190.496336;0.386765;0.000000~0.000000~0.000000~0.000000~0.000000~0.000000~0.000000~0.000000~0.000000
../src/instance_set/generated_instances/toy_100_10_-3.dat;10;100;100;2;190.496336;0.386765;0.000000~0.000000~0.000000~0.000000~0.000000~0.000000~0.000000~0.000000~0.000000
../src/instance_set/generated_instances/toy_100_10_-3.dat;10;100;1000;2;190.496336;0.386765;0.000000~0.000000~0.000000~0.000000~0.000000~0.000000~0.000000~0.000000~0.000000
../src/instance_set/generated_instances/toy_100_20_-3.dat;20;100;10;1;142.824764;-0.411627;0.000000~0.000000~0.000000~0.000000~0.000000~0.000000~0.000000~0.000000~0.000000~0.000000~0.000000~0.000000~0.000000~0.000000~0.000000~0.000000~0.000000~0.000000~0.000000
../src/instance_set/generated_instances/toy_100_20_-3.dat;20;100;100;1;142.824764;-0.411627;0.000000~0.000000~0.000000~0.000000~0.000000~0.000000~0.000000~0.000000~0.000000~0.000000~0.000000~0.000000~0.000000~0.000000~0.000000~0.000000~0.000000~0.000000~0.000000
../src/instance_set/generated_instances/toy_100_20_-3.dat;20;100;1000;1;142.824764;-0.411627;0.000000~0.000000~0.000000~0.000000~0.000000~0.000000~0.000000~0.000000~0.000000~0.000000~0.000000~0.000000~0.000000~0.000000~0.000000~0.000000~0.000000~0.000000~0.000000
../src/instance_set/generated_instances/toy_100_30_-3.dat;30;100;10;1;180.227626;-0.499364;0.000000~0.000000~0.000000~0.000000~0.000000~0.000000~0.000000~0.000000~0.000000~0.000000~0.000000~0.000000~0.000000~0.000000~0.000000~0.000000~0.000000~0.000000~0.000000~0.000000~0.000000~0.000000~0.000000~0.000000~0.000000~0.000000~0.000000~0.000000~0.000000
../src/instance_set/generated_instances/toy_100_30_-3.dat;30;100;100;1;180.227626;-0.499364;0.000000~0.000000~0.000000~0.000000~0.000000~0.000000~0.000000~0.000000~0.000000~0.000000~0.000000~0.000000~0.000000~0.000000~0.000000~0.000000~0.000000~0.000000~0.000000~0.000000~0.000000~0.000000~0.000000~0.000000~0.000000~0.000000~0.000000~0.000000~0.000000
../src/instance_set/generated_instances/toy_100_30_-3.dat;30;100;1000;1;180.227626;-0.499364;0.000000~0.000000~0.000000~0.000000~0.000000~0.000000~0.000000~0.000000~0.000000~0.000000~0.000000~0.000000~0.000000~0.000000~0.000000~0.000000~0.000000~0.000000~0.000000~0.000000~0.000000~0.000000~0.000000~0.000000~0.000000~0.000000~0.000000~0.000000~0.000000
../src/instance_set/generated_instances/toy_150_10_-3.dat;10;150;10;28;345.296636;0.087972;0.000000~0.000000~0.000000~0.000000~0.000000~0.000000~0.000000~0.000000~0.000000
../src/instance_set/generated_instances/toy_150_10_-3.dat;10;150;100;28;345.296636;0.087972;0.000000~0.000000~0.000000~0.000000~0.000000~0.000000~0.000000~0.000000~0.000000
../src/instance_set/generated_instances/toy_150_10_-3.dat;10;150;1000;28;345.296636;0.087972;0.000000~0.000000~0.000000~0.000000~0.000000~0.000000~0.000000~0.000000~0.000000
../src/instance_set/generated_instances/toy_150_20_-3.dat;20;150;10;111;290.100035;-0.314481;0.000000~0.000000~0.000000~0.000000~0.000000~0.000000~0.000000~0.000000~0.000000~0.000000~0.000000~0.000000~0.000000~0.000000~0.000000~0.000000~0.000000~0.000000~0.000000
../src/instance_set/generated_instances/toy_150_20_-3.dat;20;150;100;111;290.100035;-0.314481;0.000000~0.000000~0.000000~0.000000~0.000000~0.000000~0.000000~0.000000~0.000000~0.000000~0.000000~0.000000~0.000000~0.000000~0.000000~0.000000~0.000000~0.000000~0.000000
../src/instance_set/generated_instances/toy_150_20_-3.dat;20;150;1000;47;None;None;None~None~None~None~None~None~None~None~None~None~None~None~None~None~None~None~None~None~None
../src/instance_set/generated_instances/toy_150_30_-3.dat;30;150;10;41;299.027328;-0.100306;0.000000~0.000000~0.000000~0.000000~0.000000~0.000000~0.000000~0.000000~0.000000~0.000000~0.000000~0.000000~0.000000~0.000000~0.000000~0.000000~0.000000~0.000000~0.000000~0.000000~0.000000~0.000000~0.000000~0.000000~0.000000~0.000000~0.000000~0.000000~0.000000
../src/instance_set/generated_instances/toy_150_30_-3.dat;30;150;100;37;299.027328;-0.100306;0.000000~0.000000~0.000000~0.000000~0.000000~0.000000~0.000000~0.000000~0.000000~0.000000~0.000000~0.000000~0.000000~0.000000~0.000000~0.000000~0.000000~0.000000~0.000000~0.000000~0.000000~0.000000~0.000000~0.000000~0.000000~0.000000~0.000000~0.000000~0.000000
../src/instance_set/generated_instances/toy_150_30_-3.dat;30;150;1000;37;299.027328;-0.100306;0.000000~0.000000~0.000000~0.000000~0.000000~0.000000~0.000000~0.000000~0.000000~0.000000~0.000000~0.000000~0.000000~0.000000~0.000000~0.000000~0.000000~0.000000~0.000000~0.000000~0.000000~0.000000~0.000000~0.000000~0.000000~0.000000~0.000000~0.000000~0.000000
../src/instance_set/generated_instances/toy_50_10_-4.dat;10;50;10;0;83.988653;-0.059353;0.000000~0.000000~0.000000~0.000000~0.000000~0.000000~0.000000~0.000000~0.000000
../src/instance_set/generated_instances/toy_50_10_-4.dat;10;50;100;0;83.988653;-0.059353;0.000000~0.000000~0.000000~0.000000~0.000000~0.000000~0.000000~0.000000~0.000000
../src/instance_set/generated_instances/toy_50_10_-4.dat;10;50;1000;0;83.988653;-0.059353;0.000000~0.000000~0.000000~0.000000~0.000000~0.000000~0.000000~0.000000~0.000000
../src/instance_set/generated_instances/toy_50_20_-4.dat;20;50;10;0;73.955583;1.734271;0.000000~0.000000~0.000000~0.000000~0.000000~0.000000~0.000000~0.000000~0.000000~0.000000~0.000000~0.000000~0.000000~0.000000~0.000000~0.000000~0.000000~0.000000~0.000000
../src/instance_set/generated_instances/toy_50_20_-4.dat;20;50;100;0;73.955583;1.734271;0.000000~0.000000~0.000000~0.000000~0.000000~0.000000~0.000000~0.000000~0.000000~0.000000~0.000000~0.000000~0.000000~0.000000~0.000000~0.000000~0.000000~0.000000~0.000000
../src/instance_set/generated_instances/toy_50_20_-4.dat;20;50;1000;0;73.955583;1.734271;0.000000~0.000000~0.000000~0.000000~0.000000~0.000000~0.000000~0.000000~0.000000~0.000000~0.000000~0.000000~0.000000~0.000000~0.000000~0.000000~0.000000~0.000000~0.000000
../src/instance_set/generated_instances/toy_50_30_-4.dat;30;50;10;0;99.191319;0.198218;0.000000~0.000000~0.000000~0.000000~0.000000~0.000000~0.000000~0.000000~0.000000~0.000000~0.000000~0.000000~0.000000~0.000000~0.000000~0.000000~0.000000~0.000000~0.000000~0.000000~0.000000~0.000000~0.000000~0.000000~0.000000~0.000000~0.000000~0.000000~0.000000
../src/instance_set/generated_instances/toy_50_30_-4.dat;30;50;100;0;99.191319;0.198218;0.000000~0.000000~0.000000~0.000000~0.000000~0.000000~0.000000~0.000000~0.000000~0.000000~0.000000~0.000000~0.000000~0.000000~0.000000~0.000000~0.000000~0.000000~0.000000~0.000000~0.000000~0.000000~0.000000~0.000000~0.000000~0.000000~0.000000~0.000000~0.000000
../src/instance_set/generated_instances/toy_50_30_-4.dat;30;50;1000;0;99.191319;0.198218;0.000000~0.000000~0.000000~0.000000~0.000000~0.000000~0.000000~0.000000~0.000000~0.000000~0.000000~0.000000~0.000000~0.000000~0.000000~0.000000~0.000000~0.000000~0.000000~0.000000~0.000000~0.000000~0.000000~0.000000~0.000000~0.000000~0.000000~0.000000~0.000000
../src/instance_set/generated_instances/toy_100_10_-4.dat;10;100;10;2;188.383086;-0.234909;0.000000~0.000000~0.000000~0.000000~0.000000~0.000000~0.000000~0.000000~0.000000
../src/instance_set/generated_instances/toy_100_10_-4.dat;10;100;100;2;188.383086;-0.234909;0.000000~0.000000~0.000000~0.000000~0.000000~0.000000~0.000000~0.000000~0.000000
../src/instance_set/generated_instances/toy_100_10_-4.dat;10;100;1000;2;188.383086;-0.234909;0.000000~0.000000~0.000000~0.000000~0.000000~0.000000~0.000000~0.000000~0.000000
../src/instance_set/generated_instances/toy_100_20_-4.dat;20;100;10;1;195.314467;0.220284;0.000000~0.000000~0.000000~0.000000~0.000000~0.000000~0.000000~0.000000~0.000000~0.000000~0.000000~0.000000~0.000000~0.000000~0.000000~0.000000~0.000000~0.000000~0.000000
../src/instance_set/generated_instances/toy_100_20_-4.dat;20;100;100;1;195.314467;0.220284;0.000000~0.000000~0.000000~0.000000~0.000000~0.000000~0.000000~0.000000~0.000000~0.000000~0.000000~0.000000~0.000000~0.000000~0.000000~0.000000~0.000000~0.000000~0.000000
../src/instance_set/generated_instances/toy_100_20_-4.dat;20;100;1000;1;195.314467;0.220284;0.000000~0.000000~0.000000~0.000000~0.000000~0.000000~0.000000~0.000000~0.000000~0.000000~0.000000~0.000000~0.000000~0.000000~0.000000~0.000000~0.000000~0.000000~0.000000
../src/instance_set/generated_instances/toy_100_30_-4.dat;30;100;10;1;166.345451;-0.480106;0.000000~0.000000~0.000000~0.000000~0.000000~0.000000~0.000000~0.000000~0.000000~0.000000~0.000000~0.000000~0.000000~0.000000~0.000000~0.000000~0.000000~0.000000~0.000000~0.000000~0.000000~0.000000~0.000000~0.000000~0.000000~0.000000~0.000000~0.000000~0.000000
../src/instance_set/generated_instances/toy_100_30_-4.dat;30;100;100;1;166.345451;-0.480106;0.000000~0.000000~0.000000~0.000000~0.000000~0.000000~0.000000~0.000000~0.000000~0.000000~0.000000~0.000000~0.000000~0.000000~0.000000~0.000000~0.000000~0.000000~0.000000~0.000000~0.000000~0.000000~0.000000~0.000000~0.000000~0.000000~0.000000~0.000000~0.000000
../src/instance_set/generated_instances/toy_100_30_-4.dat;30;100;1000;1;166.345451;-0.480106;0.000000~0.000000~0.000000~0.000000~0.000000~0.000000~0.000000~0.000000~0.000000~0.000000~0.000000~0.000000~0.000000~0.000000~0.000000~0.000000~0.000000~0.000000~0.000000~0.000000~0.000000~0.000000~0.000000~0.000000~0.000000~0.000000~0.000000~0.000000~0.000000
../src/instance_set/generated_instances/toy_150_10_-4.dat;10;150;10;61;251.633314;-0.561143;0.000000~0.000000~0.000000~0.000000~0.000000~0.000000~0.000000~0.000000~0.000000
../src/instance_set/generated_instances/toy_150_10_-4.dat;10;150;100;64;251.633314;-0.561143;0.000000~0.000000~0.000000~0.000000~0.000000~0.000000~0.000000~0.000000~0.000000
../src/instance_set/generated_instances/toy_150_10_-4.dat;10;150;1000;64;251.633314;-0.561143;0.000000~0.000000~0.000000~0.000000~0.000000~0.000000~0.000000~0.000000~0.000000
../src/instance_set/generated_instances/toy_150_20_-4.dat;20;150;10;46;243.125451;-0.173152;0.000000~0.000000~0.000000~0.000000~0.000000~0.000000~0.000000~0.000000~0.000000~0.000000~0.000000~0.000000~0.000000~0.000000~0.000000~0.000000~0.000000~0.000000~0.000000
../src/instance_set/generated_instances/toy_150_20_-4.dat;20;150;100;46;243.125451;-0.173152;0.000000~0.000000~0.000000~0.000000~0.000000~0.000000~0.000000~0.000000~0.000000~0.000000~0.000000~0.000000~0.000000~0.000000~0.000000~0.000000~0.000000~0.000000~0.000000
../src/instance_set/generated_instances/toy_150_20_-4.dat;20;150;1000;47;243.125451;-0.173152;0.000000~0.000000~0.000000~0.000000~0.000000~0.000000~0.000000~0.000000~0.000000~0.000000~0.000000~0.000000~0.000000~0.000000~0.000000~0.000000~0.000000~0.000000~0.000000
../src/instance_set/generated_instances/toy_150_30_-4.dat;30;150;10;41;275.013790;-0.117639;0.000000~0.000000~0.000000~0.000000~0.000000~0.000000~0.000000~0.000000~0.000000~0.000000~0.000000~0.000000~0.000000~0.000000~0.000000~0.000000~0.000000~0.000000~0.000000~0.000000~0.000000~0.000000~0.000000~0.000000~0.000000~0.000000~0.000000~0.000000~0.000000
../src/instance_set/generated_instances/toy_150_30_-4.dat;30;150;100;41;275.013790;-0.117639;0.000000~0.000000~0.000000~0.000000~0.000000~0.000000~0.000000~0.000000~0.000000~0.000000~0.000000~0.000000~0.000000~0.000000~0.000000~0.000000~0.000000~0.000000~0.000000~0.000000~0.000000~0.000000~0.000000~0.000000~0.000000~0.000000~0.000000~0.000000~0.000000
../src/instance_set/generated_instances/toy_150_30_-4.dat;30;150;1000;41;275.013790;-0.117639;0.000000~0.000000~0.000000~0.000000~0.000000~0.000000~0.000000~0.000000~0.000000~0.000000~0.000000~0.000000~0.000000~0.000000~0.000000~0.000000~0.000000~0.000000~0.000000~0.000000~0.000000~0.000000~0.000000~0.000000~0.000000~0.000000~0.000000~0.000000~0.000000
../src/instance_set/generated_instances/toy_50_10_-5.dat;10;50;10;0;89.552155;-0.449203;0.000000~0.000000~0.000000~0.000000~0.000000~0.000000~0.000000~0.000000~0.000000
../src/instance_set/generated_instances/toy_50_10_-5.dat;10;50;100;0;89.552155;-0.449203;0.000000~0.000000~0.000000~0.000000~0.000000~0.000000~0.000000~0.000000~0.000000
../src/instance_set/generated_instances/toy_50_10_-5.dat;10;50;1000;0;89.552155;-0.449203;0.000000~0.000000~0.000000~0.000000~0.000000~0.000000~0.000000~0.000000~0.000000
../src/instance_set/generated_instances/toy_50_20_-5.dat;20;50;10;0;113.505789;0.313935;0.000000~0.000000~0.000000~0.000000~0.000000~0.000000~0.000000~0.000000~0.000000~0.000000~0.000000~0.000000~0.000000~0.000000~0.000000~0.000000~0.000000~0.000000~0.000000
../src/instance_set/generated_instances/toy_50_20_-5.dat;20;50;100;0;113.505789;0.313935;0.000000~0.000000~0.000000~0.000000~0.000000~0.000000~0.000000~0.000000~0.000000~0.000000~0.000000~0.000000~0.000000~0.000000~0.000000~0.000000~0.000000~0.000000~0.000000
../src/instance_set/generated_instances/toy_50_20_-5.dat;20;50;1000;0;113.505789;0.313935;0.000000~0.000000~0.000000~0.000000~0.000000~0.000000~0.000000~0.000000~0.000000~0.000000~0.000000~0.000000~0.000000~0.000000~0.000000~0.000000~0.000000~0.000000~0.000000
../src/instance_set/generated_instances/toy_50_30_-5.dat;30;50;10;0;108.205892;0.426475;0.000000~0.000000~0.000000~0.000000~0.000000~0.000000~0.000000~0.000000~0.000000~0.000000~0.000000~0.000000~0.000000~0.000000~0.000000~0.000000~0.000000~0.000000~0.000000~0.000000~0.000000~0.000000~0.000000~0.000000~0.000000~0.000000~0.000000~0.000000~0.000000
../src/instance_set/generated_instances/toy_50_30_-5.dat;30;50;100;0;108.205892;0.426475;0.000000~0.000000~0.000000~0.000000~0.000000~0.000000~0.000000~0.000000~0.000000~0.000000~0.000000~0.000000~0.000000~0.000000~0.000000~0.000000~0.000000~0.000000~0.000000~0.000000~0.000000~0.000000~0.000000~0.000000~0.000000~0.000000~0.000000~0.000000~0.000000
../src/instance_set/generated_instances/toy_50_30_-5.dat;30;50;1000;0;108.205892;0.426475;0.000000~0.000000~0.000000~0.000000~0.000000~0.000000~0.000000~0.000000~0.000000~0.000000~0.000000~0.000000~0.000000~0.000000~0.000000~0.000000~0.000000~0.000000~0.000000~0.000000~0.000000~0.000000~0.000000~0.000000~0.000000~0.000000~0.000000~0.000000~0.000000
../src/instance_set/generated_instances/toy_100_10_-5.dat;10;100;10;1;200.060901;-0.682875;0.000000~0.000000~0.000000~0.000000~0.000000~0.000000~0.000000~0.000000~0.000000
../src/instance_set/generated_instances/toy_100_10_-5.dat;10;100;100;1;200.060901;-0.682875;0.000000~0.000000~0.000000~0.000000~0.000000~0.000000~0.000000~0.000000~0.000000
../src/instance_set/generated_instances/toy_100_10_-5.dat;10;100;1000;1;200.060901;-0.682875;0.000000~0.000000~0.000000~0.000000~0.000000~0.000000~0.000000~0.000000~0.000000
../src/instance_set/generated_instances/toy_100_20_-5.dat;20;100;10;1;153.124422;-0.306487;0.000000~0.000000~0.000000~0.000000~0.000000~0.000000~0.000000~0.000000~0.000000~0.000000~0.000000~0.000000~0.000000~0.000000~0.000000~0.000000~0.000000~0.000000~0.000000
../src/instance_set/generated_instances/toy_100_20_-5.dat;20;100;100;1;153.124422;-0.306487;0.000000~0.000000~0.000000~0.000000~0.000000~0.000000~0.000000~0.000000~0.000000~0.000000~0.000000~0.000000~0.000000~0.000000~0.000000~0.000000~0.000000~0.000000~0.000000
../src/instance_set/generated_instances/toy_100_20_-5.dat;20;100;1000;1;153.124422;-0.306487;0.000000~0.000000~0.000000~0.000000~0.000000~0.000000~0.000000~0.000000~0.000000~0.000000~0.000000~0.000000~0.000000~0.000000~0.000000~0.000000~0.000000~0.000000~0.000000
../src/instance_set/generated_instances/toy_100_30_-5.dat;30;100;10;0;180.212475;-0.168841;0.000000~0.000000~0.000000~0.000000~0.000000~0.000000~0.000000~0.000000~0.000000~0.000000~0.000000~0.000000~0.000000~0.000000~0.000000~0.000000~0.000000~0.000000~0.000000~0.000000~0.000000~0.000000~0.000000~0.000000~0.000000~0.000000~0.000000~0.000000~0.000000
../src/instance_set/generated_instances/toy_100_30_-5.dat;30;100;100;0;180.212475;-0.168841;0.000000~0.000000~0.000000~0.000000~0.000000~0.000000~0.000000~0.000000~0.000000~0.000000~0.000000~0.000000~0.000000~0.000000~0.000000~0.000000~0.000000~0.000000~0.000000~0.000000~0.000000~0.000000~0.000000~0.000000~0.000000~0.000000~0.000000~0.000000~0.000000
../src/instance_set/generated_instances/toy_100_30_-5.dat;30;100;1000;0;180.212475;-0.168841;0.000000~0.000000~0.000000~0.000000~0.000000~0.000000~0.000000~0.000000~0.000000~0.000000~0.000000~0.000000~0.000000~0.000000~0.000000~0.000000~0.000000~0.000000~0.000000~0.000000~0.000000~0.000000~0.000000~0.000000~0.000000~0.000000~0.000000~0.000000~0.000000
../src/instance_set/generated_instances/toy_150_10_-5.dat;10;150;10;500;None;None;None~None~None~None~None~None~None~None~None
../src/instance_set/generated_instances/toy_150_10_-5.dat;10;150;100;500;None;None;None~None~None~None~None~None~None~None~None
../src/instance_set/generated_instances/toy_150_10_-5.dat;10;150;1000;500;None;None;None~None~None~None~None~None~None~None~None
../src/instance_set/generated_instances/toy_150_20_-5.dat;20;150;10;36;273.975846;-0.102584;0.000000~0.000000~0.000000~0.000000~0.000000~0.000000~0.000000~0.000000~0.000000~0.000000~0.000000~0.000000~0.000000~0.000000~0.000000~0.000000~0.000000~0.000000~0.000000
../src/instance_set/generated_instances/toy_150_20_-5.dat;20;150;100;35;273.975846;-0.102584;0.000000~0.000000~0.000000~0.000000~0.000000~0.000000~0.000000~0.000000~0.000000~0.000000~0.000000~0.000000~0.000000~0.000000~0.000000~0.000000~0.000000~0.000000~0.000000
../src/instance_set/generated_instances/toy_150_20_-5.dat;20;150;1000;36;273.975846;-0.102584;0.000000~0.000000~0.000000~0.000000~0.000000~0.000000~0.000000~0.000000~0.000000~0.000000~0.000000~0.000000~0.000000~0.000000~0.000000~0.000000~0.000000~0.000000~0.000000
../src/instance_set/generated_instances/toy_150_30_-5.dat;30;150;10;500;None;None;None~None~None~None~None~None~None~None~None~None~None~None~None~None~None~None~None~None~None~None~None~None~None~None~None~None~None~None~None
../src/instance_set/generated_instances/toy_150_30_-5.dat;30;150;100;500;None;None;None~None~None~None~None~None~None~None~None~None~None~None~None~None~None~None~None~None~None~None~None~None~None~None~None~None~None~None~None
../src/instance_set/generated_instances/toy_150_30_-5.dat;30;150;1000;500;None;None;None~None~None~None~None~None~None~None~None~None~None~None~None~None~None~None~None~None~None~None~None~None~None~None~None~None~None~None~None
../src/instance_set/generated_instances/toy_50_10_-1.dat;10;50;10;0;-1023.564674;0.083757;0.000000~0.000000~0.000000~0.000000~0.000000~0.000000~0.000000~0.000000~0.000000
../src/instance_set/generated_instances/toy_50_10_-1.dat;10;50;100;0;-1023.564674;0.083757;0.000000~0.000000~0.000000~0.000000~0.000000~0.000000~0.000000~0.000000~0.000000
../src/instance_set/generated_instances/toy_50_10_-1.dat;10;50;1000;0;-1023.564674;0.083757;0.000000~0.000000~0.000000~0.000000~0.000000~0.000000~0.000000~0.000000~0.000000
../src/instance_set/generated_instances/toy_50_20_-1.dat;20;50;10;0;-742.286440;0.288908;0.000000~0.000000~0.000000~0.000000~0.000000~0.000000~0.000000~0.000000~0.000000~0.000000~0.000000~0.000000~0.000000~0.000000~0.000000~0.000000~0.000000~0.000000~0.000000
../src/instance_set/generated_instances/toy_50_20_-1.dat;20;50;100;0;-742.286440;0.288908;0.000000~0.000000~0.000000~0.000000~0.000000~0.000000~0.000000~0.000000~0.000000~0.000000~0.000000~0.000000~0.000000~0.000000~0.000000~0.000000~0.000000~0.000000~0.000000
../src/instance_set/generated_instances/toy_50_20_-1.dat;20;50;1000;0;-742.286440;0.288908;0.000000~0.000000~0.000000~0.000000~0.000000~0.000000~0.000000~0.000000~0.000000~0.000000~0.000000~0.000000~0.000000~0.000000~0.000000~0.000000~0.000000~0.000000~0.000000
../src/instance_set/generated_instances/toy_50_30_-1.dat;30;50;10;0;-610.807237;-0.371495;0.000000~0.000000~0.000000~0.000000~0.000000~0.000000~0.000000~0.000000~0.000000~0.000000~0.000000~0.000000~0.000000~0.000000~0.000000~0.000000~0.000000~0.000000~0.000000~0.000000~0.000000~0.000000~0.000000~0.000000~0.000000~0.000000~0.000000~0.000000~0.000000
../src/instance_set/generated_instances/toy_50_30_-1.dat;30;50;100;0;-610.807237;-0.371495;0.000000~0.000000~0.000000~0.000000~0.000000~0.000000~0.000000~0.000000~0.000000~0.000000~0.000000~0.000000~0.000000~0.000000~0.000000~0.000000~0.000000~0.000000~0.000000~0.000000~0.000000~0.000000~0.000000~0.000000~0.000000~0.000000~0.000000~0.000000~0.000000
../src/instance_set/generated_instances/toy_50_30_-1.dat;30;50;1000;0;-610.807237;-0.371495;0.000000~0.000000~0.000000~0.000000~0.000000~0.000000~0.000000~0.000000~0.000000~0.000000~0.000000~0.000000~0.000000~0.000000~0.000000~0.000000~0.000000~0.000000~0.000000~0.000000~0.000000~0.000000~0.000000~0.000000~0.000000~0.000000~0.000000~0.000000~0.000000
../src/instance_set/generated_instances/toy_100_10_-1.dat;10;100;10;1;-1315.994130;-0.354773;0.000000~0.000000~0.000000~0.000000~0.000000~0.000000~0.000000~0.000000~0.000000
../src/instance_set/generated_instances/toy_100_10_-1.dat;10;100;100;1;-1315.994130;-0.354773;0.000000~0.000000~0.000000~0.000000~0.000000~0.000000~0.000000~0.000000~0.000000
../src/instance_set/generated_instances/toy_100_10_-1.dat;10;100;1000;1;-1315.994130;-0.354773;0.000000~0.000000~0.000000~0.000000~0.000000~0.000000~0.000000~0.000000~0.000000
../src/instance_set/generated_instances/toy_100_20_-1.dat;20;100;10;1;-350.152151;0.766289;0.000000~0.000000~0.000000~0.000000~0.000000~0.000000~0.000000~0.000000~0.000000~0.000000~0.000000~0.000000~0.000000~0.000000~0.000000~0.000000~0.000000~0.000000~0.000000
../src/instance_set/generated_instances/toy_100_20_-1.dat;20;100;100;1;-350.152151;0.766289;0.000000~0.000000~0.000000~0.000000~0.000000~0.000000~0.000000~0.000000~0.000000~0.000000~0.000000~0.000000~0.000000~0.000000~0.000000~0.000000~0.000000~0.000000~0.000000
../src/instance_set/generated_instances/toy_100_20_-1.dat;20;100;1000;1;-350.152151;0.766289;0.000000~0.000000~0.000000~0.000000~0.000000~0.000000~0.000000~0.000000~0.000000~0.000000~0.000000~0.000000~0.000000~0.000000~0.000000~0.000000~0.000000~0.000000~0.000000
../src/instance_set/generated_instances/toy_100_30_-1.dat;30;100;10;1;-2088.322221;0.290592;0.000000~0.000000~0.000000~0.000000~0.000000~0.000000~0.000000~0.000000~0.000000~0.000000~0.000000~0.000000~0.000000~0.000000~0.000000~0.000000~0.000000~0.000000~0.000000~0.000000~0.000000~0.000000~0.000000~0.000000~0.000000~0.000000~0.000000~0.000000~0.000000
../src/instance_set/generated_instances/toy_100_30_-1.dat;30;100;100;1;-2088.322221;0.290592;0.000000~0.000000~0.000000~0.000000~0.000000~0.000000~0.000000~0.000000~0.000000~0.000000~0.000000~0.000000~0.000000~0.000000~0.000000~0.000000~0.000000~0.000000~0.000000~0.000000~0.000000~0.000000~0.000000~0.000000~0.000000~0.000000~0.000000~0.000000~0.000000
../src/instance_set/generated_instances/toy_100_30_-1.dat;30;100;1000;1;-2088.322221;0.290592;0.000000~0.000000~0.000000~0.000000~0.000000~0.000000~0.000000~0.000000~0.000000~0.000000~0.000000~0.000000~0.000000~0.000000~0.000000~0.000000~0.000000~0.000000~0.000000~0.000000~0.000000~0.000000~0.000000~0.000000~0.000000~0.000000~0.000000~0.000000~0.000000
../src/instance_set/generated_instances/toy_150_10_-1.dat;10;150;10;14;-2127.592632;-0.116617;0.000000~0.000000~0.000000~0.000000~0.000000~0.000000~0.000000~0.000000~0.000000
../src/instance_set/generated_instances/toy_150_10_-1.dat;10;150;100;14;-2127.592632;-0.116617;0.000000~0.000000~0.000000~0.000000~0.000000~0.000000~0.000000~0.000000~0.000000
../src/instance_set/generated_instances/toy_150_10_-1.dat;10;150;1000;14;-2127.592632;-0.116617;0.000000~0.000000~0.000000~0.000000~0.000000~0.000000~0.000000~0.000000~0.000000
../src/instance_set/generated_instances/toy_150_20_-1.dat;20;150;10;4;-3467.199648;0.312710;0.000000~0.000000~0.000000~0.000000~0.000000~0.000000~0.000000~0.000000~0.000000~0.000000~0.000000~0.000000~0.000000~0.000000~0.000000~0.000000~0.000000~0.000000~0.000000
../src/instance_set/generated_instances/toy_150_20_-1.dat;20;150;100;4;-3467.199648;0.312710;0.000000~0.000000~0.000000~0.000000~0.000000~0.000000~0.000000~0.000000~0.000000~0.000000~0.000000~0.000000~0.000000~0.000000~0.000000~0.000000~0.000000~0.000000~0.000000
../src/instance_set/generated_instances/toy_150_20_-1.dat;20;150;1000;4;-3467.199648;0.312710;0.000000~0.000000~0.000000~0.000000~0.000000~0.000000~0.000000~0.000000~0.000000~0.000000~0.000000~0.000000~0.000000~0.000000~0.000000~0.000000~0.000000~0.000000~0.000000
../src/instance_set/generated_instances/toy_150_30_-1.dat;30;150;10;4;-2104.315752;0.178181;0.000000~0.000000~0.000000~0.000000~0.000000~0.000000~0.000000~0.000000~0.000000~0.000000~0.000000~0.000000~0.000000~0.000000~0.000000~0.000000~0.000000~0.000000~0.000000~0.000000~0.000000~0.000000~0.000000~0.000000~0.000000~0.000000~0.000000~0.000000~0.000000
../src/instance_set/generated_instances/toy_150_30_-1.dat;30;150;100;4;-2104.315752;0.178181;0.000000~0.000000~0.000000~0.000000~0.000000~0.000000~0.000000~0.000000~0.000000~0.000000~0.000000~0.000000~0.000000~0.000000~0.000000~0.000000~0.000000~0.000000~0.000000~0.000000~0.000000~0.000000~0.000000~0.000000~0.000000~0.000000~0.000000~0.000000~0.000000
../src/instance_set/generated_instances/toy_150_30_-1.dat;30;150;1000;4;-2104.315752;0.178181;0.000000~0.000000~0.000000~0.000000~0.000000~0.000000~0.000000~0.000000~0.000000~0.000000~0.000000~0.000000~0.000000~0.000000~0.000000~0.000000~0.000000~0.000000~0.000000~0.000000~0.000000~0.000000~0.000000~0.000000~0.000000~0.000000~0.000000~0.000000~0.000000
../src/instance_set/generated_instances/toy_50_10_-2.dat;10;50;10;0;-1196.086501;-0.294883;0.000000~0.000000~0.000000~0.000000~0.000000~0.000000~0.000000~0.000000~0.000000
../src/instance_set/generated_instances/toy_50_10_-2.dat;10;50;100;0;-1196.086501;-0.294883;0.000000~0.000000~0.000000~0.000000~0.000000~0.000000~0.000000~0.000000~0.000000
../src/instance_set/generated_instances/toy_50_10_-2.dat;10;50;1000;0;-1196.086501;-0.294883;0.000000~0.000000~0.000000~0.000000~0.000000~0.000000~0.000000~0.000000~0.000000
../src/instance_set/generated_instances/toy_50_20_-2.dat;20;50;10;0;-575.729040;-0.278884;0.000000~0.000000~0.000000~0.000000~0.000000~0.000000~0.000000~0.000000~0.000000~0.000000~0.000000~0.000000~0.000000~0.000000~0.000000~0.000000~0.000000~0.000000~0.000000
../src/instance_set/generated_instances/toy_50_20_-2.dat;20;50;100;0;-575.729040;-0.278884;0.000000~0.000000~0.000000~0.000000~0.000000~0.000000~0.000000~0.000000~0.000000~0.000000~0.000000~0.000000~0.000000~0.000000~0.000000~0.000000~0.000000~0.000000~0.000000
../src/instance_set/generated_instances/toy_50_20_-2.dat;20;50;1000;0;-575.729040;-0.278884;0.000000~0.000000~0.000000~0.000000~0.000000~0.000000~0.000000~0.000000~0.000000~0.000000~0.000000~0.000000~0.000000~0.000000~0.000000~0.000000~0.000000~0.000000~0.000000
../src/instance_set/generated_instances/toy_50_30_-2.dat;30;50;10;0;-632.475749;0.891231;0.000000~0.000000~0.000000~0.000000~0.000000~0.000000~0.000000~0.000000~0.000000~0.000000~0.000000~0.000000~0.000000~0.000000~0.000000~0.000000~0.000000~0.000000~0.000000~0.000000~0.000000~0.000000~0.000000~0.000000~0.000000~0.000000~0.000000~0.000000~0.000000
../src/instance_set/generated_instances/toy_50_30_-2.dat;30;50;100;0;-632.475749;0.891231;0.000000~0.000000~0.000000~0.000000~0.000000~0.000000~0.000000~0.000000~0.000000~0.000000~0.000000~0.000000~0.000000~0.000000~0.000000~0.000000~0.000000~0.000000~0.000000~0.000000~0.000000~0.000000~0.000000~0.000000~0.000000~0.000000~0.000000~0.000000~0.000000
../src/instance_set/generated_instances/toy_50_30_-2.dat;30;50;1000;0;-632.475749;0.891231;0.000000~0.000000~0.000000~0.000000~0.000000~0.000000~0.000000~0.000000~0.000000~0.000000~0.000000~0.000000~0.000000~0.000000~0.000000~0.000000~0.000000~0.000000~0.000000~0.000000~0.000000~0.000000~0.000000~0.000000~0.000000~0.000000~0.000000~0.000000~0.000000
../src/instance_set/generated_instances/toy_100_10_-2.dat;10;100;10;1;-1261.976940;0.110082;0.000000~0.000000~0.000000~0.000000~0.000000~0.000000~0.000000~0.000000~0.000000
../src/instance_set/generated_instances/toy_100_10_-2.dat;10;100;100;1;-1261.976940;0.110082;0.000000~0.000000~0.000000~0.000000~0.000000~0.000000~0.000000~0.000000~0.000000
../src/instance_set/generated_instances/toy_100_10_-2.dat;10;100;1000;1;-1261.976940;0.110082;0.000000~0.000000~0.000000~0.000000~0.000000~0.000000~0.000000~0.000000~0.000000
../src/instance_set/generated_instances/toy_100_20_-2.dat;20;100;10;1;-2167.058982;0.073728;0.000000~0.000000~0.000000~0.000000~0.000000~0.000000~0.000000~0.000000~0.000000~0.000000~0.000000~0.000000~0.000000~0.000000~0.000000~0.000000~0.000000~0.000000~0.000000
../src/instance_set/generated_instances/toy_100_20_-2.dat;20;100;100;1;-2167.058982;0.073728;0.000000~0.000000~0.000000~0.000000~0.000000~0.000000~0.000000~0.000000~0.000000~0.000000~0.000000~0.000000~0.000000~0.000000~0.000000~0.000000~0.000000~0.000000~0.000000
../src/instance_set/generated_instances/toy_100_20_-2.dat;20;100;1000;1;-2167.058982;0.073728;0.000000~0.000000~0.000000~0.000000~0.000000~0.000000~0.000000~0.000000~0.000000~0.000000~0.000000~0.000000~0.000000~0.000000~0.000000~0.000000~0.000000~0.000000~0.000000
../src/instance_set/generated_instances/toy_100_30_-2.dat;30;100;10;1;-1369.771450;-0.622340;0.000000~0.000000~0.000000~0.000000~0.000000~0.000000~0.000000~0.000000~0.000000~0.000000~0.000000~0.000000~0.000000~0.000000~0.000000~0.000000~0.000000~0.000000~0.000000~0.000000~0.000000~0.000000~0.000000~0.000000~0.000000~0.000000~0.000000~0.000000~0.000000
../src/instance_set/generated_instances/toy_100_30_-2.dat;30;100;100;1;-1369.771450;-0.622340;0.000000~0.000000~0.000000~0.000000~0.000000~0.000000~0.000000~0.000000~0.000000~0.000000~0.000000~0.000000~0.000000~0.000000~0.000000~0.000000~0.000000~0.000000~0.000000~0.000000~0.000000~0.000000~0.000000~0.000000~0.000000~0.000000~0.000000~0.000000~0.000000
../src/instance_set/generated_instances/toy_100_30_-2.dat;30;100;1000;1;-1369.771450;-0.622340;0.000000~0.000000~0.000000~0.000000~0.000000~0.000000~0.000000~0.000000~0.000000~0.000000~0.000000~0.000000~0.000000~0.000000~0.000000~0.000000~0.000000~0.000000~0.000000~0.000000~0.000000~0.000000~0.000000~0.000000~0.000000~0.000000~0.000000~0.000000~0.000000
../src/instance_set/generated_instances/toy_150_10_-2.dat;10;150;10;69;-2024.021689;0.158336;0.000000~0.000000~0.000000~0.000000~0.000000~0.000000~0.000000~0.000000~0.000000
../src/instance_set/generated_instances/toy_150_10_-2.dat;10;150;100;68;-2024.021689;0.158336;0.000000~0.000000~0.000000~0.000000~0.000000~0.000000~0.000000~0.000000~0.000000
../src/instance_set/generated_instances/toy_150_10_-2.dat;10;150;1000;68;-2024.021689;0.158336;0.000000~0.000000~0.000000~0.000000~0.000000~0.000000~0.000000~0.000000~0.000000
../src/instance_set/generated_instances/toy_150_20_-2.dat;20;150;10;3;-3450.689483;0.105062;0.000000~0.000000~0.000000~0.000000~0.000000~0.000000~0.000000~0.000000~0.000000~0.000000~0.000000~0.000000~0.000000~0.000000~0.000000~0.000000~0.000000~0.000000~0.000000
../src/instance_set/generated_instances/toy_150_20_-2.dat;20;150;100;3;-3450.689483;0.105062;0.000000~0.000000~0.000000~0.000000~0.000000~0.000000~0.000000~0.000000~0.000000~0.000000~0.000000~0.000000~0.000000~0.000000~0.000000~0.000000~0.000000~0.000000~0.000000
../src/instance_set/generated_instances/toy_150_20_-2.dat;20;150;1000;3;-3450.689483;0.105062;0.000000~0.000000~0.000000~0.000000~0.000000~0.000000~0.000000~0.000000~0.000000~0.000000~0.000000~0.000000~0.000000~0.000000~0.000000~0.000000~0.000000~0.000000~0.000000
../src/instance_set/generated_instances/toy_150_30_-2.dat;30;150;10;3;-3271.497127;-0.690698;0.000000~0.000000~0.000000~0.000000~0.000000~0.000000~0.000000~0.000000~0.000000~0.000000~0.000000~0.000000~0.000000~0.000000~0.000000~0.000000~0.000000~0.000000~0.000000~0.000000~0.000000~0.000000~0.000000~0.000000~0.000000~0.000000~0.000000~0.000000~0.000000
../src/instance_set/generated_instances/toy_150_30_-2.dat;30;150;100;3;-3271.497127;-0.690698;0.000000~0.000000~0.000000~0.000000~0.000000~0.000000~0.000000~0.000000~0.000000~0.000000~0.000000~0.000000~0.000000~0.000000~0.000000~0.000000~0.000000~0.000000~0.000000~0.000000~0.000000~0.000000~0.000000~0.000000~0.000000~0.000000~0.000000~0.000000~0.000000
../src/instance_set/generated_instances/toy_150_30_-2.dat;30;150;1000;3;-3271.497127;-0.690698;0.000000~0.000000~0.000000~0.000000~0.000000~0.000000~0.000000~0.000000~0.000000~0.000000~0.000000~0.000000~0.000000~0.000000~0.000000~0.000000~0.000000~0.000000~0.000000~0.000000~0.000000~0.000000~0.000000~0.000000~0.000000~0.000000~0.000000~0.000000~0.000000
../src/instance_set/generated_instances/toy_50_10_-3.dat;10;50;10;0;-601.469823;-0.136975;0.000000~0.000000~0.000000~0.000000~0.000000~0.000000~0.000000~0.000000~0.000000
../src/instance_set/generated_instances/toy_50_10_-3.dat;10;50;100;0;-601.469823;-0.136975;0.000000~0.000000~0.000000~0.000000~0.000000~0.000000~0.000000~0.000000~0.000000
../src/instance_set/generated_instances/toy_50_10_-3.dat;10;50;1000;0;-601.469823;-0.136975;0.000000~0.000000~0.000000~0.000000~0.000000~0.000000~0.000000~0.000000~0.000000
../src/instance_set/generated_instances/toy_50_20_-3.dat;20;50;10;0;-261.783371;-0.148156;0.000000~0.000000~0.000000~0.000000~0.000000~0.000000~0.000000~0.000000~0.000000~0.000000~0.000000~0.000000~0.000000~0.000000~0.000000~0.000000~0.000000~0.000000~0.000000
../src/instance_set/generated_instances/toy_50_20_-3.dat;20;50;100;0;-261.783371;-0.148156;0.000000~0.000000~0.000000~0.000000~0.000000~0.000000~0.000000~0.000000~0.000000~0.000000~0.000000~0.000000~0.000000~0.000000~0.000000~0.000000~0.000000~0.000000~0.000000
../src/instance_set/generated_instances/toy_50_20_-3.dat;20;50;1000;0;-261.783371;-0.148156;0.000000~0.000000~0.000000~0.000000~0.000000~0.000000~0.000000~0.000000~0.000000~0.000000~0.000000~0.000000~0.000000~0.000000~0.000000~0.000000~0.000000~0.000000~0.000000
../src/instance_set/generated_instances/toy_50_30_-3.dat;30;50;10;0;-644.467183;-0.020980;0.000000~0.000000~0.000000~0.000000~0.000000~0.000000~0.000000~0.000000~0.000000~0.000000~0.000000~0.000000~0.000000~0.000000~0.000000~0.000000~0.000000~0.000000~0.000000~0.000000~0.000000~0.000000~0.000000~0.000000~0.000000~0.000000~0.000000~0.000000~0.000000
../src/instance_set/generated_instances/toy_50_30_-3.dat;30;50;100;0;-644.467183;-0.020980;0.000000~0.000000~0.000000~0.000000~0.000000~0.000000~0.000000~0.000000~0.000000~0.000000~0.000000~0.000000~0.000000~0.000000~0.000000~0.000000~0.000000~0.000000~0.000000~0.000000~0.000000~0.000000~0.000000~0.000000~0.000000~0.000000~0.000000~0.000000~0.000000
../src/instance_set/generated_instances/toy_50_30_-3.dat;30;50;1000;0;-644.467183;-0.020980;0.000000~0.000000~0.000000~0.000000~0.000000~0.000000~0.000000~0.000000~0.000000~0.000000~0.000000~0.000000~0.000000~0.000000~0.000000~0.000000~0.000000~0.000000~0.000000~0.000000~0.000000~0.000000~0.000000~0.000000~0.000000~0.000000~0.000000~0.000000~0.000000
../src/instance_set/generated_instances/toy_100_10_-3.dat;10;100;10;2;-1291.752138;0.386765;0.000000~0.000000~0.000000~0.000000~0.000000~0.000000~0.000000~0.000000~0.000000
../src/instance_set/generated_instances/toy_100_10_-3.dat;10;100;100;2;-1291.752138;0.386765;0.000000~0.000000~0.000000~0.000000~0.000000~0.000000~0.000000~0.000000~0.000000
../src/instance_set/generated_instances/toy_100_10_-3.dat;10;100;1000;2;-1291.752138;0.386765;0.000000~0.000000~0.000000~0.000000~0.000000~0.000000~0.000000~0.000000~0.000000
../src/instance_set/generated_instances/toy_100_20_-3.dat;20;100;10;0;-324.195382;-0.426565;0.000000~0.000000~0.000000~0.000000~0.000000~0.000000~0.000000~0.000000~0.000000~0.000000~0.000000~0.000000~0.000000~0.000000~0.000000~0.000000~0.000000~0.000000~0.000000
../src/instance_set/generated_instances/toy_100_20_-3.dat;20;100;100;0;-324.195382;-0.426565;0.000000~0.000000~0.000000~0.000000~0.000000~0.000000~0.000000~0.000000~0.000000~0.000000~0.000000~0.000000~0.000000~0.000000~0.000000~0.000000~0.000000~0.000000~0.000000
../src/instance_set/generated_instances/toy_100_20_-3.dat;20;100;1000;0;-324.195382;-0.426565;0.000000~0.000000~0.000000~0.000000~0.000000~0.000000~0.000000~0.000000~0.000000~0.000000~0.000000~0.000000~0.000000~0.000000~0.000000~0.000000~0.000000~0.000000~0.000000
../src/instance_set/generated_instances/toy_100_30_-3.dat;30;100;10;2;-1289.296483;-0.505257;0.000000~0.000000~0.000000~0.000000~0.000000~0.000000~0.000000~0.000000~0.000000~0.000000~0.000000~0.000000~0.000000~0.000000~0.000000~0.000000~0.000000~0.000000~0.000000~0.000000~0.000000~0.000000~0.000000~0.000000~0.000000~0.000000~0.000000~0.000000~0.000000
../src/instance_set/generated_instances/toy_100_30_-3.dat;30;100;100;2;-1289.296483;-0.505257;0.000000~0.000000~0.000000~0.000000~0.000000~0.000000~0.000000~0.000000~0.000000~0.000000~0.000000~0.000000~0.000000~0.000000~0.000000~0.000000~0.000000~0.000000~0.000000~0.000000~0.000000~0.000000~0.000000~0.000000~0.000000~0.000000~0.000000~0.000000~0.000000
../src/instance_set/generated_instances/toy_100_30_-3.dat;30;100;1000;2;-1289.296483;-0.505257;0.000000~0.000000~0.000000~0.000000~0.000000~0.000000~0.000000~0.000000~0.000000~0.000000~0.000000~0.000000~0.000000~0.000000~0.000000~0.000000~0.000000~0.000000~0.000000~0.000000~0.000000~0.000000~0.000000~0.000000~0.000000~0.000000~0.000000~0.000000~0.000000
../src/instance_set/generated_instances/toy_150_10_-3.dat;10;150;10;2;-3504.168132;0.087972;0.000000~0.000000~0.000000~0.000000~0.000000~0.000000~0.000000~0.000000~0.000000
../src/instance_set/generated_instances/toy_150_10_-3.dat;10;150;100;2;-3504.168132;0.087972;0.000000~0.000000~0.000000~0.000000~0.000000~0.000000~0.000000~0.000000~0.000000
../src/instance_set/generated_instances/toy_150_10_-3.dat;10;150;1000;2;-3504.168132;0.087972;0.000000~0.000000~0.000000~0.000000~0.000000~0.000000~0.000000~0.000000~0.000000
../src/instance_set/generated_instances/toy_150_20_-3.dat;20;150;10;2;-1832.129381;-0.314481;0.000000~0.000000~0.000000~0.000000~0.000000~0.000000~0.000000~0.000000~0.000000~0.000000~0.000000~0.000000~0.000000~0.000000~0.000000~0.000000~0.000000~0.000000~0.000000
../src/instance_set/generated_instances/toy_150_20_-3.dat;20;150;100;3;-1832.129381;-0.314481;0.000000~0.000000~0.000000~0.000000~0.000000~0.000000~0.000000~0.000000~0.000000~0.000000~0.000000~0.000000~0.000000~0.000000~0.000000~0.000000~0.000000~0.000000~0.000000
../src/instance_set/generated_instances/toy_150_20_-3.dat;20;150;1000;2;-1832.129381;-0.314481;0.000000~0.000000~0.000000~0.000000~0.000000~0.000000~0.000000~0.000000~0.000000~0.000000~0.000000~0.000000~0.000000~0.000000~0.000000~0.000000~0.000000~0.000000~0.000000
../src/instance_set/generated_instances/toy_150_30_-3.dat;30;150;10;2;-3520.485139;-0.100306;0.000000~0.000000~0.000000~0.000000~0.000000~0.000000~0.000000~0.000000~0.000000~0.000000~0.000000~0.000000~0.000000~0.000000~0.000000~0.000000~0.000000~0.000000~0.000000~0.000000~0.000000~0.000000~0.000000~0.000000~0.000000~0.000000~0.000000~0.000000~0.000000
../src/instance_set/generated_instances/toy_150_30_-3.dat;30;150;100;2;-3520.485139;-0.100306;0.000000~0.000000~0.000000~0.000000~0.000000~0.000000~0.000000~0.000000~0.000000~0.000000~0.000000~0.000000~0.000000~0.000000~0.000000~0.000000~0.000000~0.000000~0.000000~0.000000~0.000000~0.000000~0.000000~0.000000~0.000000~0.000000~0.000000~0.000000~0.000000
../src/instance_set/generated_instances/toy_150_30_-3.dat;30;150;1000;2;-3520.485139;-0.100306;0.000000~0.000000~0.000000~0.000000~0.000000~0.000000~0.000000~0.000000~0.000000~0.000000~0.000000~0.000000~0.000000~0.000000~0.000000~0.000000~0.000000~0.000000~0.000000~0.000000~0.000000~0.000000~0.000000~0.000000~0.000000~0.000000~0.000000~0.000000~0.000000
../src/instance_set/generated_instances/toy_50_10_-4.dat;10;50;10;0;-572.541338;-0.059353;0.000000~0.000000~0.000000~0.000000~0.000000~0.000000~0.000000~0.000000~0.000000
../src/instance_set/generated_instances/toy_50_10_-4.dat;10;50;100;0;-572.541338;-0.059353;0.000000~0.000000~0.000000~0.000000~0.000000~0.000000~0.000000~0.000000~0.000000
../src/instance_set/generated_instances/toy_50_10_-4.dat;10;50;1000;0;-572.541338;-0.059353;0.000000~0.000000~0.000000~0.000000~0.000000~0.000000~0.000000~0.000000~0.000000
../src/instance_set/generated_instances/toy_50_20_-4.dat;20;50;10;0;-139.970099;1.629112;0.000000~0.000000~0.000000~0.000000~0.000000~0.000000~0.000000~0.000000~0.000000~0.000000~0.000000~0.000000~0.000000~0.000000~0.000000~0.000000~0.000000~0.000000~0.000000
../src/instance_set/generated_instances/toy_50_20_-4.dat;20;50;100;0;-139.970099;1.629112;0.000000~0.000000~0.000000~0.000000~0.000000~0.000000~0.000000~0.000000~0.000000~0.000000~0.000000~0.000000~0.000000~0.000000~0.000000~0.000000~0.000000~0.000000~0.000000
../src/instance_set/generated_instances/toy_50_20_-4.dat;20;50;1000;0;-139.970099;1.629112;0.000000~0.000000~0.000000~0.000000~0.000000~0.000000~0.000000~0.000000~0.000000~0.000000~0.000000~0.000000~0.000000~0.000000~0.000000~0.000000~0.000000~0.000000~0.000000
../src/instance_set/generated_instances/toy_50_30_-4.dat;30;50;10;0;-603.441493;0.198218;0.000000~0.000000~0.000000~0.000000~0.000000~0.000000~0.000000~0.000000~0.000000~0.000000~0.000000~0.000000~0.000000~0.000000~0.000000~0.000000~0.000000~0.000000~0.000000~0.000000~0.000000~0.000000~0.000000~0.000000~0.000000~0.000000~0.000000~0.000000~0.000000
../src/instance_set/generated_instances/toy_50_30_-4.dat;30;50;100;0;-603.441493;0.198218;0.000000~0.000000~0.000000~0.000000~0.000000~0.000000~0.000000~0.000000~0.000000~0.000000~0.000000~0.000000~0.000000~0.000000~0.000000~0.000000~0.000000~0.000000~0.000000~0.000000~0.000000~0.000000~0.000000~0.000000~0.000000~0.000000~0.000000~0.000000~0.000000
../src/instance_set/generated_instances/toy_50_30_-4.dat;30;50;1000;0;-603.441493;0.198218;0.000000~0.000000~0.000000~0.000000~0.000000~0.000000~0.000000~0.000000~0.000000~0.000000~0.000000~0.000000~0.000000~0.000000~0.000000~0.000000~0.000000~0.000000~0.000000~0.000000~0.000000~0.000000~0.000000~0.000000~0.000000~0.000000~0.000000~0.000000~0.000000
../src/instance_set/generated_instances/toy_100_10_-4.dat;10;100;10;1;-2146.563752;-0.234909;0.000000~0.000000~0.000000~0.000000~0.000000~0.000000~0.000000~0.000000~0.000000
../src/instance_set/generated_instances/toy_100_10_-4.dat;10;100;100;1;-2146.563752;-0.234909;0.000000~0.000000~0.000000~0.000000~0.000000~0.000000~0.000000~0.000000~0.000000
../src/instance_set/generated_instances/toy_100_10_-4.dat;10;100;1000;1;-2146.563752;-0.234909;0.000000~0.000000~0.000000~0.000000~0.000000~0.000000~0.000000~0.000000~0.000000
../src/instance_set/generated_instances/toy_100_20_-4.dat;20;100;10;1;-1966.870302;0.155236;0.000000~0.000000~0.000000~0.000000~0.000000~0.000000~0.000000~0.000000~0.000000~0.000000~0.000000~0.000000~0.000000~0.000000~0.000000~0.000000~0.000000~0.000000~0.000000
../src/instance_set/generated_instances/toy_100_20_-4.dat;20;100;100;1;-1966.870302;0.155236;0.000000~0.000000~0.000000~0.000000~0.000000~0.000000~0.000000~0.000000~0.000000~0.000000~0.000000~0.000000~0.000000~0.000000~0.000000~0.000000~0.000000~0.000000~0.000000
../src/instance_set/generated_instances/toy_100_20_-4.dat;20;100;1000;1;-1966.870302;0.155236;0.000000~0.000000~0.000000~0.000000~0.000000~0.000000~0.000000~0.000000~0.000000~0.000000~0.000000~0.000000~0.000000~0.000000~0.000000~0.000000~0.000000~0.000000~0.000000
../src/instance_set/generated_instances/toy_100_30_-4.dat;30;100;10;2;-1243.181771;-0.342275;0.000000~0.000000~0.000000~0.000000~0.000000~0.000000~0.000000~0.000000~0.000000~0.000000~0.000000~0.000000~0.000000~0.000000~0.000000~0.000000~0.000000~0.000000~0.000000~0.000000~0.000000~0.000000~0.000000~0.000000~0.000000~0.000000~0.000000~0.000000~0.000000
../src/instance_set/generated_instances/toy_100_30_-4.dat;30;100;100;2;-1243.181771;-0.342275;0.000000~0.000000~0.000000~0.000000~0.000000~0.000000~0.000000~0.000000~0.000000~0.000000~0.000000~0.000000~0.000000~0.000000~0.000000~0.000000~0.000000~0.000000~0.000000~0.000000~0.000000~0.000000~0.000000~0.000000~0.000000~0.000000~0.000000~0.000000~0.000000
../src/instance_set/generated_instances/toy_100_30_-4.dat;30;100;1000;2;-1243.181771;-0.342275;0.000000~0.000000~0.000000~0.000000~0.000000~0.000000~0.000000~0.000000~0.000000~0.000000~0.000000~0.000000~0.000000~0.000000~0.000000~0.000000~0.000000~0.000000~0.000000~0.000000~0.000000~0.000000~0.000000~0.000000~0.000000~0.000000~0.000000~0.000000~0.000000
../src/instance_set/generated_instances/toy_150_10_-4.dat;10;150;10;4;-1711.069468;-0.561143;0.000000~0.000000~0.000000~0.000000~0.000000~0.000000~0.000000~0.000000~0.000000
../src/instance_set/generated_instances/toy_150_10_-4.dat;10;150;100;4;-1711.069468;-0.561143;0.000000~0.000000~0.000000~0.000000~0.000000~0.000000~0.000000~0.000000~0.000000
../src/instance_set/generated_instances/toy_150_10_-4.dat;10;150;1000;4;-1711.069468;-0.561143;0.000000~0.000000~0.000000~0.000000~0.000000~0.000000~0.000000~0.000000~0.000000
../src/instance_set/generated_instances/toy_150_20_-4.dat;20;150;10;4;-3076.678961;-0.173152;0.000000~0.000000~0.000000~0.000000~0.000000~0.000000~0.000000~0.000000~0.000000~0.000000~0.000000~0.000000~0.000000~0.000000~0.000000~0.000000~0.000000~0.000000~0.000000
../src/instance_set/generated_instances/toy_150_20_-4.dat;20;150;100;4;-3076.678961;-0.173152;0.000000~0.000000~0.000000~0.000000~0.000000~0.000000~0.000000~0.000000~0.000000~0.000000~0.000000~0.000000~0.000000~0.000000~0.000000~0.000000~0.000000~0.000000~0.000000
../src/instance_set/generated_instances/toy_150_20_-4.dat;20;150;1000;4;-3076.678961;-0.173152;0.000000~0.000000~0.000000~0.000000~0.000000~0.000000~0.000000~0.000000~0.000000~0.000000~0.000000~0.000000~0.000000~0.000000~0.000000~0.000000~0.000000~0.000000~0.000000
../src/instance_set/generated_instances/toy_150_30_-4.dat;30;150;10;2;-3173.470531;-0.117639;0.000000~0.000000~0.000000~0.000000~0.000000~0.000000~0.000000~0.000000~0.000000~0.000000~0.000000~0.000000~0.000000~0.000000~0.000000~0.000000~0.000000~0.000000~0.000000~0.000000~0.000000~0.000000~0.000000~0.000000~0.000000~0.000000~0.000000~0.000000~0.000000
../src/instance_set/generated_instances/toy_150_30_-4.dat;30;150;100;2;-3173.470531;-0.117639;0.000000~0.000000~0.000000~0.000000~0.000000~0.000000~0.000000~0.000000~0.000000~0.000000~0.000000~0.000000~0.000000~0.000000~0.000000~0.000000~0.000000~0.000000~0.000000~0.000000~0.000000~0.000000~0.000000~0.000000~0.000000~0.000000~0.000000~0.000000~0.000000
../src/instance_set/generated_instances/toy_150_30_-4.dat;30;150;1000;2;-3173.470531;-0.117639;0.000000~0.000000~0.000000~0.000000~0.000000~0.000000~0.000000~0.000000~0.000000~0.000000~0.000000~0.000000~0.000000~0.000000~0.000000~0.000000~0.000000~0.000000~0.000000~0.000000~0.000000~0.000000~0.000000~0.000000~0.000000~0.000000~0.000000~0.000000~0.000000
../src/instance_set/generated_instances/toy_50_10_-5.dat;10;50;10;0;-1078.045684;-0.449203;0.000000~0.000000~0.000000~0.000000~0.000000~0.000000~0.000000~0.000000~0.000000
../src/instance_set/generated_instances/toy_50_10_-5.dat;10;50;100;0;-1078.045684;-0.449203;0.000000~0.000000~0.000000~0.000000~0.000000~0.000000~0.000000~0.000000~0.000000
../src/instance_set/generated_instances/toy_50_10_-5.dat;10;50;1000;0;-1078.045684;-0.449203;0.000000~0.000000~0.000000~0.000000~0.000000~0.000000~0.000000~0.000000~0.000000
../src/instance_set/generated_instances/toy_50_20_-5.dat;20;50;10;0;-617.170451;0.313935;0.000000~0.000000~0.000000~0.000000~0.000000~0.000000~0.000000~0.000000~0.000000~0.000000~0.000000~0.000000~0.000000~0.000000~0.000000~0.000000~0.000000~0.000000~0.000000
../src/instance_set/generated_instances/toy_50_20_-5.dat;20;50;100;0;-617.170451;0.313935;0.000000~0.000000~0.000000~0.000000~0.000000~0.000000~0.000000~0.000000~0.000000~0.000000~0.000000~0.000000~0.000000~0.000000~0.000000~0.000000~0.000000~0.000000~0.000000
../src/instance_set/generated_instances/toy_50_20_-5.dat;20;50;1000;0;-617.170451;0.313935;0.000000~0.000000~0.000000~0.000000~0.000000~0.000000~0.000000~0.000000~0.000000~0.000000~0.000000~0.000000~0.000000~0.000000~0.000000~0.000000~0.000000~0.000000~0.000000
../src/instance_set/generated_instances/toy_50_30_-5.dat;30;50;10;0;-574.283968;0.426475;0.000000~0.000000~0.000000~0.000000~0.000000~0.000000~0.000000~0.000000~0.000000~0.000000~0.000000~0.000000~0.000000~0.000000~0.000000~0.000000~0.000000~0.000000~0.000000~0.000000~0.000000~0.000000~0.000000~0.000000~0.000000~0.000000~0.000000~0.000000~0.000000
../src/instance_set/generated_instances/toy_50_30_-5.dat;30;50;100;0;-574.283968;0.426475;0.000000~0.000000~0.000000~0.000000~0.000000~0.000000~0.000000~0.000000~0.000000~0.000000~0.000000~0.000000~0.000000~0.000000~0.000000~0.000000~0.000000~0.000000~0.000000~0.000000~0.000000~0.000000~0.000000~0.000000~0.000000~0.000000~0.000000~0.000000~0.000000
../src/instance_set/generated_instances/toy_50_30_-5.dat;30;50;1000;0;-574.283968;0.426475;0.000000~0.000000~0.000000~0.000000~0.000000~0.000000~0.000000~0.000000~0.000000~0.000000~0.000000~0.000000~0.000000~0.000000~0.000000~0.000000~0.000000~0.000000~0.000000~0.000000~0.000000~0.000000~0.000000~0.000000~0.000000~0.000000~0.000000~0.000000~0.000000
../src/instance_set/generated_instances/toy_100_10_-5.dat;10;100;10;1;-2208.839307;-0.682875;0.000000~0.000000~0.000000~0.000000~0.000000~0.000000~0.000000~0.000000~0.000000
../src/instance_set/generated_instances/toy_100_10_-5.dat;10;100;100;1;-2208.839307;-0.682875;0.000000~0.000000~0.000000~0.000000~0.000000~0.000000~0.000000~0.000000~0.000000
../src/instance_set/generated_instances/toy_100_10_-5.dat;10;100;1000;1;-2208.839307;-0.682875;0.000000~0.000000~0.000000~0.000000~0.000000~0.000000~0.000000~0.000000~0.000000
../src/instance_set/generated_instances/toy_100_20_-5.dat;20;100;10;1;-1967.665027;-0.358852;0.000000~0.000000~0.000000~0.000000~0.000000~0.000000~0.000000~0.000000~0.000000~0.000000~0.000000~0.000000~0.000000~0.000000~0.000000~0.000000~0.000000~0.000000~0.000000
../src/instance_set/generated_instances/toy_100_20_-5.dat;20;100;100;1;-1967.665027;-0.358852;0.000000~0.000000~0.000000~0.000000~0.000000~0.000000~0.000000~0.000000~0.000000~0.000000~0.000000~0.000000~0.000000~0.000000~0.000000~0.000000~0.000000~0.000000~0.000000
../src/instance_set/generated_instances/toy_100_20_-5.dat;20;100;1000;1;-1967.665027;-0.358852;0.000000~0.000000~0.000000~0.000000~0.000000~0.000000~0.000000~0.000000~0.000000~0.000000~0.000000~0.000000~0.000000~0.000000~0.000000~0.000000~0.000000~0.000000~0.000000
../src/instance_set/generated_instances/toy_100_30_-5.dat;30;100;10;1;-1984.517414;-0.151500;0.000000~0.000000~0.000000~0.000000~0.000000~0.000000~0.000000~0.000000~0.000000~0.000000~0.000000~0.000000~0.000000~0.000000~0.000000~0.000000~0.000000~0.000000~0.000000~0.000000~0.000000~0.000000~0.000000~0.000000~0.000000~0.000000~0.000000~0.000000~0.000000
../src/instance_set/generated_instances/toy_100_30_-5.dat;30;100;100;1;-1984.517414;-0.151500;0.000000~0.000000~0.000000~0.000000~0.000000~0.000000~0.000000~0.000000~0.000000~0.000000~0.000000~0.000000~0.000000~0.000000~0.000000~0.000000~0.000000~0.000000~0.000000~0.000000~0.000000~0.000000~0.000000~0.000000~0.000000~0.000000~0.000000~0.000000~0.000000
../src/instance_set/generated_instances/toy_100_30_-5.dat;30;100;1000;1;-1984.517414;-0.151500;0.000000~0.000000~0.000000~0.000000~0.000000~0.000000~0.000000~0.000000~0.000000~0.000000~0.000000~0.000000~0.000000~0.000000~0.000000~0.000000~0.000000~0.000000~0.000000~0.000000~0.000000~0.000000~0.000000~0.000000~0.000000~0.000000~0.000000~0.000000~0.000000
../src/instance_set/generated_instances/toy_150_10_-5.dat;10;150;10;5;-3055.146777;-0.027654;0.000000~0.000000~0.000000~0.000000~0.000000~0.000000~0.000000~0.000000~0.000000
../src/instance_set/generated_instances/toy_150_10_-5.dat;10;150;100;5;-3055.146777;-0.027654;0.000000~0.000000~0.000000~0.000000~0.000000~0.000000~0.000000~0.000000~0.000000
../src/instance_set/generated_instances/toy_150_10_-5.dat;10;150;1000;5;-3055.146777;-0.027654;0.000000~0.000000~0.000000~0.000000~0.000000~0.000000~0.000000~0.000000~0.000000
../src/instance_set/generated_instances/toy_150_20_-5.dat;20;150;10;3;-3170.232253;-0.102584;0.000000~0.000000~0.000000~0.000000~0.000000~0.000000~0.000000~0.000000~0.000000~0.000000~0.000000~0.000000~0.000000~0.000000~0.000000~0.000000~0.000000~0.000000~0.000000
../src/instance_set/generated_instances/toy_150_20_-5.dat;20;150;100;3;-3170.232253;-0.102584;0.000000~0.000000~0.000000~0.000000~0.000000~0.000000~0.000000~0.000000~0.000000~0.000000~0.000000~0.000000~0.000000~0.000000~0.000000~0.000000~0.000000~0.000000~0.000000
../src/instance_set/generated_instances/toy_150_20_-5.dat;20;150;1000;3;-3170.232253;-0.102584;0.000000~0.000000~0.000000~0.000000~0.000000~0.000000~0.000000~0.000000~0.000000~0.000000~0.000000~0.000000~0.000000~0.000000~0.000000~0.000000~0.000000~0.000000~0.000000
../src/instance_set/generated_instances/toy_150_30_-5.dat;30;150;10;3;-2987.939024;-0.333812;0.000000~0.000000~0.000000~0.000000~0.000000~0.000000~0.000000~0.000000~0.000000~0.000000~0.000000~0.000000~0.000000~0.000000~0.000000~0.000000~0.000000~0.000000~0.000000~0.000000~0.000000~0.000000~0.000000~0.000000~0.000000~0.000000~0.000000~0.000000~0.000000
../src/instance_set/generated_instances/toy_150_30_-5.dat;30;150;100;2;-2987.939024;-0.333812;0.000000~0.000000~0.000000~0.000000~0.000000~0.000000~0.000000~0.000000~0.000000~0.000000~0.000000~0.000000~0.000000~0.000000~0.000000~0.000000~0.000000~0.000000~0.000000~0.000000~0.000000~0.000000~0.000000~0.000000~0.000000~0.000000~0.000000~0.000000~0.000000
../src/instance_set/generated_instances/toy_150_30_-5.dat;30;150;1000;3;-2987.939024;-0.333812;0.000000~0.000000~0.000000~0.000000~0.000000~0.000000~0.000000~0.000000~0.000000~0.000000~0.000000~0.000000~0.000000~0.000000~0.000000~0.000000~0.000000~0.000000~0.000000~0.000000~0.000000~0.000000~0.000000~0.000000~0.000000~0.000000~0.000000~0.000000~0.000000
